SNP	CHR	BP	Dir_Bentham	Dir_Julia	Dir_Meta	Consistent
rs1233478	6	29510044	1	1	1	TRUE
rs13019891	2	113072292	-1	-1	-1	TRUE
rs1422673	5	151059427	1	1	1	TRUE
rs1612904	6	32701241	-1	1	-1	FALSE
rs1800629	6	31575254	1	-1	1	FALSE
rs200484	6	27807896	1	1	1	TRUE
rs2736340	8	11486464	1	-1	1	FALSE
rs3807306	7	128940626	1	1	1	TRUE
rs3925075	16	31336427	-1	1	-1	FALSE
rs4843868	16	85939795	-1	-1	-1	TRUE
rs71557334	6	26365685	1	1	1	TRUE
rs7582694	2	191105394	-1	-1	-1	TRUE
rs7823055	8	54599116	-1	1	-1	FALSE
